Puesto,NombreCaballo,Peso,Edad,DistanciaMeta,Mantilla,Dividendo,Propietario,Preparador,Jinete,Problemas,UltimasActuaciones,Fecha,Hora,Terreno,Distancia,Tipo,Categoría,SentidoHipodromo,Meteorología,LLuvia,Viento,Temperatura,Hipodromo
1,SAFAGA,57,2,,6,"1,9",ASOC.LA TOLEDANA...,CH.DELCHER,G.GUEDJ-GAY,,"[02,04,01]",13 de noviembre de 2022,11:45,H - Blando,1500,Liso,C,0,Parcialmente nublado,0,6,15,La Zarzuela
2,ROCK MOON,57,2,1 1/2 C,5,"5,9",MEDREAL,G.ARIZKORRETA,V. JANACEK,,"[04,06]",13 de noviembre de 2022,11:45,H - Blando,1500,Liso,C,0,Parcialmente nublado,0,6,15,La Zarzuela
3,ISOLDA,57,2,1 1/4 C,3,"2,5",EL HERROJO,J.M.OSORIO,J.GELABERT,,[01],13 de noviembre de 2022,11:45,H - Blando,1500,Liso,C,0,Parcialmente nublado,0,6,15,La Zarzuela
4,LADY CLUNIA,57,2,10 C,4,"15,3",BRAZACORTA,B.RAMA,B. FAYOS,-8,"[08,15]",13 de noviembre de 2022,11:45,H - Blando,1500,Liso,C,0,Parcialmente nublado,0,6,15,La Zarzuela
5,DE FIESTA (IRE) (a),57,2,1 1/2 C,2,"18,1",REZA PAZOOKI,O.ANAYA,R.N.VALLE,-8,"[09,11]",13 de noviembre de 2022,11:45,H - Blando,1500,Liso,C,0,Parcialmente nublado,0,6,15,La Zarzuela
6,ALERTA ROJA,57,2,LEJOS,1,"40,5",LAC INTERNACIONA...,A.SOTO,C. CADEL,-3,"[07,05]",13 de noviembre de 2022,11:45,H - Blando,1500,Liso,C,0,Parcialmente nublado,0,6,15,La Zarzuela
1,BAILEN,57,2,,3,"2,6",LEONESA,J.LOPEZ,J.GELABERT,,"[01,08]",13 de noviembre de 2022,12:20,H - Blando,1500,Liso,C,0,Parcialmente nublado,0,6,15,La Zarzuela
2,ARAKA LA KANA,57,2,1 1/4 C,2,"5,6",ODISEA,J.LOPEZ,C.PEREZ,-3,[02],13 de noviembre de 2022,12:20,H - Blando,1500,Liso,C,0,Parcialmente nublado,0,6,15,La Zarzuela
3,WITIZA,57,2,1/2 C,9,"9,6",LAC INTERNACIONA...,J.LOPEZ,B. FAYOS,-3,"[05,04,04]",13 de noviembre de 2022,12:20,H - Blando,1500,Liso,C,0,Parcialmente nublado,0,6,15,La Zarzuela
4,PERILLAN,57,2,9 C,7,"9,8",E. PEREZ GUZMAN,J.A.RODRIGUEZ,R.N.VALLE,-8,"[07,14,05,01,02]",13 de noviembre de 2022,12:20,H - Blando,1500,Liso,C,0,Parcialmente nublado,0,6,15,La Zarzuela
5,MOM CHERIE (FR) (a),57,2,1 3/4 C,6,"11,3",NEW BEGINNINGS,F.JIMENEZ,V. JANACEK,-8,"[03,07]",13 de noviembre de 2022,12:20,H - Blando,1500,Liso,C,0,Parcialmente nublado,0,6,15,La Zarzuela
6,BLUE MOON EYES,57,2,2 1/4 C,4,"13,2",4 C,J.A.RODRIGUEZ,N. DE JULIAN,,"[05,05,09,03,02]",13 de noviembre de 2022,12:20,H - Blando,1500,Liso,C,0,Parcialmente nublado,0,6,15,La Zarzuela
7,CLIFFORD,57,2,1 1/4 C,5,4,PLANTAGENET,G.ARIZKORRETA,J.L. MARTINEZ,,"[04,06]",13 de noviembre de 2022,12:20,H - Blando,1500,Liso,C,0,Parcialmente nublado,0,6,15,La Zarzuela
8,TRAPIO,57,2,2 3/4 C,8,"15,8",RUSH RACING,M&M RACING,V.ALONSO V.,,[12],13 de noviembre de 2022,12:20,H - Blando,1500,Liso,C,0,Parcialmente nublado,0,6,15,La Zarzuela
97,AMAZING COOL,57,2,,1,0,AMAZING TURF,J.A.RODRIGUEZ,J.L. BORREGO,-8,"[09,05,04,02,06]",13 de noviembre de 2022,12:20,H - Blando,1500,Liso,C,0,Parcialmente nublado,0,6,15,La Zarzuela
1,CANARION (IRE),56,2,,3,"2,1",EL BILLETERO,O.ANAYA,V. JANACEK,,"[03,03]",13 de noviembre de 2022,12:55,H - Blando,1500,Liso,D,0,Parcialmente nublado,0,6,16.5,La Zarzuela
2,MADERAS (GB),56,2,5 1/4 C,4,"3,3",SAN DIEGO,G.ARIZKORRETA,J.L. MARTINEZ,,[04],13 de noviembre de 2022,12:55,H - Blando,1500,Liso,D,0,Parcialmente nublado,0,6,16.5,La Zarzuela
3,SIXTEEN TONS (FR),"54,5",2,5 1/2 C,10,"9,4",REZA PAZOOKI,O.ANAYA,R.N.VALLE,,[04],13 de noviembre de 2022,12:55,H - Blando,1500,Liso,D,0,Parcialmente nublado,0,6,16.5,La Zarzuela
4,ATLANTIC NORTH (IRE),56,2,1 1/4 C,1,"10,7","ANNUA RACING, S....",J.C.ROSELL,J.L. BORREGO,,[04],13 de noviembre de 2022,12:55,H - Blando,1500,Liso,D,0,Parcialmente nublado,0,6,16.5,La Zarzuela
5,GLOBALIZATION (IRE),"54,5",2,1 3/4 C,8,"9,7",MARTEL SANCHEZ,B.RAMA,J.GELABERT,(4)(8),"[03,04,06]",13 de noviembre de 2022,12:55,H - Blando,1500,Liso,D,0,Parcialmente nublado,0,6,16.5,La Zarzuela
6,FREE JAZZ (GB),"54,50-52,00",2,3/4 C,7,"24,3",BERNIE,J.LOPEZ,C.PEREZ,-3,[10],13 de noviembre de 2022,12:55,H - Blando,1500,Liso,D,0,Parcialmente nublado,0,6,16.5,La Zarzuela
7,URABA (FR),"54,50-53,50",2,6 C,11,"26,3",COCHETEUX,M.ALVAREZ,V.ALONSO V.,,"[08,06]",13 de noviembre de 2022,12:55,H - Blando,1500,Liso,D,0,Parcialmente nublado,0,6,16.5,La Zarzuela
8,QUISQUILLA (IRE),"54,50-53,50",2,3 1/4 C,9,"41,7",CUADRA A.F.F S.L,F.RODRIGUEZ,N. GARCIA,,[13],13 de noviembre de 2022,12:55,H - Blando,1500,Liso,D,0,Parcialmente nublado,0,6,16.5,La Zarzuela
9,SIDNEY,"56,00-56,50",2,16 1/2 C,5,23,DELTA,M.A.MARIN,B. FAYOS,,[16],13 de noviembre de 2022,12:55,H - Blando,1500,Liso,D,0,Parcialmente nublado,0,6,16.5,La Zarzuela
10,BRAVE TOWN,56,2,LEJOS,2,"49,3",CANARIAS,E.ARGUINZONES,F.MARTINEZ,-8,[15],13 de noviembre de 2022,12:55,H - Blando,1500,Liso,D,0,Parcialmente nublado,0,6,16.5,La Zarzuela
97,BOPPER,"54,5",2,,6,0,BOLAK,M&M RACING,B.ESTUPIÑAN,,[ Debutante ],13 de noviembre de 2022,12:55,H - Blando,1500,Liso,D,0,Parcialmente nublado,0,6,16.5,La Zarzuela
1,VALE (GB),57,8,,11,"11,4",BOLAK,M&M RACING,J.L. MARTINEZ,(2)(5)(8),"[06,04,06,03,02]",13 de noviembre de 2022,13:30,H - Blando,1800,Liso,D,0,Parcialmente nublado,0,6,16.5,La Zarzuela
2,BIG MACK,"57,5",5,1 1/4 C,10,"10,4",INCITATUS RACING,M&M RACING,J.L. BORREGO,,"[01,03,01,NP,05]",13 de noviembre de 2022,13:30,H - Blando,1800,Liso,D,0,Parcialmente nublado,0,6,16.5,La Zarzuela
3,AARASH,"58,50-55,50",4,3/4 C,7,"19,2",REZA PAZOOKI,O.ANAYA,C.PEREZ,,"[09,08,09,01,04]",13 de noviembre de 2022,13:30,H - Blando,1800,Liso,D,0,Parcialmente nublado,0,6,16.5,La Zarzuela
4,ELAMIRR (IRE),"60,00-57,50",6,1/4 C,4,"48,7",UMAMI,M&M RACING,B.ESTUPIÑAN,-8,"[08,03,03,03,05]",13 de noviembre de 2022,13:30,H - Blando,1800,Liso,D,0,Parcialmente nublado,0,6,16.5,La Zarzuela
5,GRAN BELGA (GB),58,3,1 1/2 C,8,"14,8",EL RETORNO,F.JIMENEZ,R.N.VALLE,-8,"[04,03,01,04,01]",13 de noviembre de 2022,13:30,H - Blando,1800,Liso,D,0,Parcialmente nublado,0,6,16.5,La Zarzuela
6,DUTCH KIKI (GB),"56,5",4,2 C,12,7,PETIT CANTER,A.TSERETELI,J.GELABERT,,"[05,03,01,05,02]",13 de noviembre de 2022,13:30,H - Blando,1800,Liso,D,0,Parcialmente nublado,0,6,16.5,La Zarzuela
7,ARENAL (IRE),"63,00-60,50",6,3/4 C,1,"32,4",FEROZ,P.OLAVE,A.OLIVAS,-3,"[06,06,05,01,06]",13 de noviembre de 2022,13:30,H - Blando,1800,Liso,D,0,Parcialmente nublado,0,6,16.5,La Zarzuela
8,MAX'S THUNDER (IRE),"60,50-58,00",5,1 C,2,"24,5",ZUL,C.FERNANDEZ,"STA. BUESA,C.",-3,"[04,01,04,05,04]",13 de noviembre de 2022,13:30,H - Blando,1800,Liso,D,0,Parcialmente nublado,0,6,16.5,La Zarzuela
9,MONTERREDONDO (GB),"57,50-54,00",4,4 C,9,43,CANARIAS,E.ARGUINZONES,C.HAZEN,(3)(8),"[07,04,05,06,01]",13 de noviembre de 2022,13:30,H - Blando,1800,Liso,D,0,Parcialmente nublado,0,6,16.5,La Zarzuela
10,TIHANNA (IRE) (a),59,7,2 3/4 C,5,"4,5",CUADRA A.F.F S.L,F.RODRIGUEZ,B. FAYOS,,"[09,02,08,01,01]",13 de noviembre de 2022,13:30,H - Blando,1800,Liso,D,0,Parcialmente nublado,0,6,16.5,La Zarzuela
11,SPANISH COLT (IRE),"60,5",4,1 C,3,"2,4",BRAZACORTA,B.RAMA,V. JANACEK,-3,"[03,02,03,01,08]",13 de noviembre de 2022,13:30,H - Blando,1800,Liso,D,0,Parcialmente nublado,0,6,16.5,La Zarzuela
12,RAMIRIQUI (FR),"58,5",5,CUELLO,6,"20,2",CUADRA A.F.F S.L,F.RODRIGUEZ,C. CADEL,-5,"[05,01,02,06,01]",13 de noviembre de 2022,13:30,H - Blando,1800,Liso,D,0,Parcialmente nublado,0,6,16.5,La Zarzuela
1,RODABALLO (GB),60,5,,5,"1,9",PATA NEGRA RACIN...,G.ARIZKORRETA,J.L. MARTINEZ,,"[02,01,06,05,01]",13 de noviembre de 2022,14:05,H - Blando,1400,Liso,A,0,Parcialmente nublado,0,6,17.5,La Zarzuela
2,RAIKU (FR),60,4,1 1/2 C,3,"15,1",YEGUADA ROCIO,G.ARIZKORRETA,V. JANACEK,,"[01,04,01,03,10]",13 de noviembre de 2022,14:05,H - Blando,1400,Liso,A,0,Parcialmente nublado,0,6,17.5,La Zarzuela
3,RESACON (GB),60,6,3/4 C,4,"10,7",FORMENTOR,J.M.OSORIO,B. FAYOS,,"[04,02,05,02,02]",13 de noviembre de 2022,14:05,H - Blando,1400,Liso,A,0,Parcialmente nublado,0,6,17.5,La Zarzuela
4,SPEAK IN COLOURS (GB),60,7,1/2 C,8,"7,5",RIO CUBAS,J.HORCAJADA,J.L. BORREGO,-8,"[02,01,03,01,02]",13 de noviembre de 2022,14:05,H - Blando,1400,Liso,A,0,Parcialmente nublado,0,6,17.5,La Zarzuela
5,SMASH HIT (GB),60,4,CABEZA,7,"14,1",ISLA DE FUERTEVE...,J.C.CERQUEIRA,O. PESLIER,,"[03,Desc,05,07,01]",13 de noviembre de 2022,14:05,H - Blando,1400,Liso,A,0,Parcialmente nublado,0,6,17.5,La Zarzuela
6,NATURAL PATH (IRE),60,5,1/2 C,1,12,ISLA DE FUERTEVE...,O.ANAYA,R. RAMOS,-8,"[ 04,03,05,02,05 ]",13 de noviembre de 2022,14:05,H - Blando,1400,Liso,A,0,Parcialmente nublado,0,6,17.5,La Zarzuela
7,UPA LOLA,"58,5",4,CUELLO,12,"13,9",YEGUADA AGF,G.ARIZKORRETA,J.GELABERT,,"[01,03,05,08,04]",13 de noviembre de 2022,14:05,H - Blando,1400,Liso,A,0,Parcialmente nublado,0,6,17.5,La Zarzuela
8,KENDAYA (IRE),"58,5",4,4 C,11,"48,9",AGRADO,CH.DELCHER,G.GUEDJ-GAY,-3,"[03,04,03,04,02]",13 de noviembre de 2022,14:05,H - Blando,1400,Liso,A,0,Parcialmente nublado,0,6,17.5,La Zarzuela
9,POWERFUL SOLE (GB),60,6,NARIZ,2,"29,3",TINERFE,O.ANAYA,R.N.VALLE,-8,"[05,06,02,01,01]",13 de noviembre de 2022,14:05,H - Blando,1400,Liso,A,0,Parcialmente nublado,0,6,17.5,La Zarzuela
10,MAGIC WARRIOR (IRE),"59,5",3,4 1/4 C,9,"46,8",SCUDERIA DREAMS ...,M&M RACING,F. VERON,,"[01,04,04,02,02]",13 de noviembre de 2022,14:05,H - Blando,1400,Liso,A,0,Parcialmente nublado,0,6,17.5,La Zarzuela
11,SIMPLY STRIKING (FR),60,6,16 1/2 C,6,"8,9",MEDITERRANEO,M.DELCHER S.,P.BAZIRE,,"[03,NP,05,01,02]",13 de noviembre de 2022,14:05,H - Blando,1400,Liso,A,0,Parcialmente nublado,0,6,17.5,La Zarzuela
12,GUERREIRA (IRE),"58,5",5,16 1/4 C,10,"36,1",NOSSA SENHORA DO...,H.PEREIRA,C. CADEL,,"[04,09,03,07,04]",13 de noviembre de 2022,14:05,H - Blando,1400,Liso,A,0,Parcialmente nublado,0,6,17.5,La Zarzuela
1,SOGALINDA,"55,00-54,00",4,,15,"5,1",ZEZINHO,J.C.CERQUEIRA,V.ALONSO V.,-3,"[03,01,05,02,06]",13 de noviembre de 2022,14:40,H - Blando,1800,Liso,D,0,Parcialmente nublado,0,6,17.5,La Zarzuela
2,DROVER (GB),"57,00-54,50",7,2 C,10,"18,1",PATRIZIA ROSSANA...,M&M RACING,B.ESTUPIÑAN,(2)(3)(8),"[05,05,03,04,03]",13 de noviembre de 2022,14:40,H - Blando,1800,Liso,D,0,Parcialmente nublado,0,6,17.5,La Zarzuela
3,BELLETTI (GB),"60,50-58,00",4,1 C,6,"15,4",MANU POLO,B.MORENO,"STA. BUESA,C.",(3)(8),"[12,08,06,NP,04]",13 de noviembre de 2022,14:40,H - Blando,1800,Liso,D,0,Parcialmente nublado,0,6,17.5,La Zarzuela
4,SPANISH CAMELOT (IRE),57,3,1 3/4 C,11,38,YEGUADA VALMODOM...,D.BENITEZ,R.N.VALLE,-8,"[04,05,09,10,04]",13 de noviembre de 2022,14:40,H - Blando,1800,Liso,D,0,Parcialmente nublado,0,6,17.5,La Zarzuela
5,ATLANTICO (GER),"57,5",7,CABEZA,9,"3,8",REAPERTURA,A.TSERETELI,V. JANACEK,,"[03,08,07,05,03]",13 de noviembre de 2022,14:40,H - Blando,1800,Liso,D,0,Parcialmente nublado,0,6,17.5,La Zarzuela
6,EINAR (IRE),"63,00-60,00",6,1 C,1,"7,7",BERNIE,J.LOPEZ,C.PEREZ,-5,"[07,05,04,04,03]",13 de noviembre de 2022,14:40,H - Blando,1800,Liso,D,0,Parcialmente nublado,0,6,17.5,La Zarzuela
7,PIRLO,"55,5",4,3 3/4 C,14,"10,9",HACIENDA DEL MON...,C.FERNANDEZ,J.L. BORREGO,-8,"[03,16,02,04,15]",13 de noviembre de 2022,14:40,H - Blando,1800,Liso,D,0,Parcialmente nublado,0,6,17.5,La Zarzuela
8,LA MAL AMADA,59,5,1/4 C,8,"41,2",EUROPA,J.C.CERQUEIRA,N. DE JULIAN,-8,"[10,03,09,05,05]",13 de noviembre de 2022,14:40,H - Blando,1800,Liso,D,0,Parcialmente nublado,0,6,17.5,La Zarzuela
9,NAYMA,"52,00-53,00",3,1/4 C,18,"84,1",BOLAK,J.C.CERQUEIRA,D. FERREIRA,-4,"[13,06,09,08,15]",13 de noviembre de 2022,14:40,H - Blando,1800,Liso,D,0,Parcialmente nublado,0,6,17.5,La Zarzuela
10,ROBLE (GB) (a),"62,5",5,10 1/4 C,2,"9,7",OLEOVID,A.CARRASCO,B. FAYOS,,"[07,04,05,03,01]",13 de noviembre de 2022,14:40,H - Blando,1800,Liso,D,0,Parcialmente nublado,0,6,17.5,La Zarzuela
11,PADERNO (FR),62,3,1 3/4 C,3,"31,3",CUADRA A.F.F S.L,F.RODRIGUEZ,C. CADEL,-5,"[10,06,05,04,01]",13 de noviembre de 2022,14:40,H - Blando,1800,Liso,D,0,Parcialmente nublado,0,6,17.5,La Zarzuela
12,NAYADE (GB),"61,5",5,4 1/4 C,4,"33,3",COSTA LA VALL,R.COSTA,R. RAMOS,-8,"[04,01,10,04,05]",13 de noviembre de 2022,14:40,H - Blando,1800,Liso,D,0,Parcialmente nublado,0,6,17.5,La Zarzuela
13,CHAM'S DREAM (IRE),"60,00-57,50",3,5 1/4 C,7,"14,4",CHAMARTIN,J.HORCAJADA,N.SACCU,,"[06,04,09,01,13]",13 de noviembre de 2022,14:40,H - Blando,1800,Liso,D,0,Parcialmente nublado,0,6,17.5,La Zarzuela
14,FIRST CROWD (GB),"61,5",3,CUELLO,5,28,ZURRAQUIN,B.RAMA,J.GELABERT,-4,"[05,06,02,04,07]",13 de noviembre de 2022,14:40,H - Blando,1800,Liso,D,0,Parcialmente nublado,0,6,17.5,La Zarzuela
15,PIU BIRCH (FR),"53,50-51,00",3,3/4 C,17,"76,6",DELTA,M.A.MARIN,A.MARTINEZ,,"[09,11,10,04,06]",13 de noviembre de 2022,14:40,H - Blando,1800,Liso,D,0,Parcialmente nublado,0,6,17.5,La Zarzuela
16,IZASKUN (FR),"56,5",3,2 3/4 C,13,"14,8",VIRGINIA WATERS,J.L.MAROTO,G.GUEDJ-GAY,-5,"[07,08,04,13,05]",13 de noviembre de 2022,14:40,H - Blando,1800,Liso,D,0,Parcialmente nublado,0,6,17.5,La Zarzuela
17,BRIAREO (IRE) (a),"54,00-52,00",5,3 1/4 C,16,78,MP RACING,M.PULIDO,Y.RODRIGUEZ,-8,"[12,08,04,06,05]",13 de noviembre de 2022,14:40,H - Blando,1800,Liso,D,0,Parcialmente nublado,0,6,17.5,La Zarzuela
18,KWA HERI,"56,50-53,00",3,LEJOS,12,36,CELSO MENDEZ,M.ALVAREZ,L.CASTILLON,,"[NP,NP,09,06,10]",13 de noviembre de 2022,14:40,H - Blando,1800,Liso,D,0,Parcialmente nublado,0,6,17.5,La Zarzuela
1,CASANDRA (FR),"55,5",2,,5,"2,3",MEDITERRANEO,A.SOTO,R. SOUSA,(4)(8),"[06,02,04]",6 de noviembre de 2022,11:45,H - Bueno,1400,Liso,D,0,Despejado,0,5,16.5,La Zarzuela
2,HELHEIM (FR),"55,50-53,50",2,3 1/4 C,6,"17,3",MARQUES DE MIRAF...,CH.DELCHER,"STA. BUESA,C.",,"[06,05,06]",6 de noviembre de 2022,11:45,H - Bueno,1400,Liso,D,0,Despejado,0,5,16.5,La Zarzuela
3,AL BARIN (IRE),59,2,2 C,1,"4,9",CELSO MENDEZ,J.LOPEZ,J.GELABERT,,"[03,01,03,04]",6 de noviembre de 2022,11:45,H - Bueno,1400,Liso,D,0,Despejado,0,5,16.5,La Zarzuela
4,PAPYRUS ROAD (FR),"57,5",2,NARIZ,2,"9,7",ECURIE DES MOUET...,"A.IMAZ,B.",C. CADEL,-8,"[07,02,04]",6 de noviembre de 2022,11:45,H - Bueno,1400,Liso,D,0,Despejado,0,5,16.5,La Zarzuela
5,BLUE MOON EYES,56,2,2 1/2 C,4,"11,4",4 C,J.A.RODRIGUEZ,B. FAYOS,,"[05,09,03,02,06]",6 de noviembre de 2022,11:45,H - Bueno,1400,Liso,D,0,Despejado,0,5,16.5,La Zarzuela
6,HARVAC,"52,00-53,00",2,3/4 C,7,"20,5",BOLAK,J.C.CERQUEIRA,D. FERREIRA,,"[10,13,08]",6 de noviembre de 2022,11:45,H - Bueno,1400,Liso,D,0,Despejado,0,5,16.5,La Zarzuela
7,MARY JOE (GB),"52,00-51,00",2,2 C,9,"15,3",MADRIZ,G.ARIZKORRETA,A.MARTINEZ,(4)(8),"[07,07,08]",6 de noviembre de 2022,11:45,H - Bueno,1400,Liso,D,0,Despejado,0,5,16.5,La Zarzuela
8,NOOZHAH SUREÑA,"52,00-51,00",2,3 1/2 C,8,"41,8",SUREÑA,J.A.RODRIGUEZ,N. GARCIA,,"[12,05,06,06]",6 de noviembre de 2022,11:45,H - Bueno,1400,Liso,D,0,Despejado,0,5,16.5,La Zarzuela
9,ASTUTO (FR),"56,5",2,LEJOS,3,"4,3",E. PEREZ GUZMAN,J.A.RODRIGUEZ,V. JANACEK,,"[04,02,04,02,02]",6 de noviembre de 2022,11:45,H - Bueno,1400,,D,0,Despejado,0,5,16.5,La Zarzuela
1,ATLANTA (FR),"59,00-55,00",3,,3,"8,4",CARAL,J.L.MAROTO,L.CASTILLON,,"[05,04,03,05,06]",6 de noviembre de 2022,12:20,H - Bueno,1400,Liso,D,0,Despejado,0,5,16.5,La Zarzuela
2,PEKEN (FR),"57,5",3,1 1/2 C,9,"2,5",CUADRA A.F.F S.L,F.RODRIGUEZ,B. FAYOS,-5,"[02,03,07,06,02]",6 de noviembre de 2022,12:20,H - Bueno,1400,Liso,D,0,Despejado,0,5,16.5,La Zarzuela
3,VEGADEO,"59,00-57,50",3,3/4 C,4,"40,2",SOÑADOR,B.RAMA,L.FONSECA,-5,"[09,06,06,02,03]",6 de noviembre de 2022,12:20,H - Bueno,1400,Liso,D,0,Despejado,0,5,16.5,La Zarzuela
4,BORONDON (FR),"56,5",3,1/2 C,10,21,SAN MARCOS,F.PEREZ,D. FERREIRA,,"[04,07,01,04,03]",6 de noviembre de 2022,12:20,H - Bueno,1400,Liso,D,0,Despejado,0,5,16.5,La Zarzuela
5,COOLMEEN VEGA (IRE),"61,00-57,00",3,1/2 C,2,"16,5",SAYAGO,G.ARIZKORRETA,D.SIKOROVÁ,,"[06,03,04,NP,01]",6 de noviembre de 2022,12:20,H - Bueno,1400,Liso,D,0,Despejado,0,5,16.5,La Zarzuela
6,CAT HACLYSME (FR),56,3,CUELLO,11,"7,6",ANAIAK,O.ANAYA,R. SOUSA,-8,"[04,03]",6 de noviembre de 2022,12:20,H - Bueno,1400,Liso,D,0,Despejado,0,5,16.5,La Zarzuela
7,FAMILY TRIP (FR),"58,00-55,00",3,1/2 C,8,"9,7",BELEN,A.SOTO,C.PEREZ,-8,"[07,01,05,05,03]",6 de noviembre de 2022,12:20,H - Bueno,1400,Liso,D,0,Despejado,0,5,16.5,La Zarzuela
8,LADY MCQUEEN (IRE),"58,5",3,1 3/4 C,7,"5,3",HERMANOS ABOIN,A.CARRASCO,V. JANACEK,,"[05,03,02,01,02]",6 de noviembre de 2022,12:20,H - Bueno,1400,Liso,D,0,Despejado,0,5,16.5,La Zarzuela
9,COLOSAL (IRE),59,3,2 C,6,"11,7",YEGUADA VALMODOM...,D.BENITEZ,R.N.VALLE,,"[08,05,05,02,05]",6 de noviembre de 2022,12:20,H - Bueno,1400,Liso,D,0,Despejado,0,5,16.5,La Zarzuela
10,INCREDIT (GB),"61,00-58,50",3,5 1/2 C,1,18,MARQUES DE MIRAF...,CH.DELCHER,"STA. BUESA,C.",,"[04,04,NP,03,NP]",6 de noviembre de 2022,12:20,H - Bueno,1400,Liso,D,0,Despejado,0,5,16.5,La Zarzuela
11,PREMIERE RHAPSODIE (FR),"59,00-56,50",3,2 3/4 C,5,"25,5","ROISAJU LOPEZ, S...",P.OLAVE,A.OLIVAS,,"[10,10,01,01,06]",6 de noviembre de 2022,12:20,H - Bueno,1400,Liso,D,0,Despejado,0,5,16.5,La Zarzuela
97,AVE MUNDI,"53,00-53,50",3,,12,0,EL PLACAJE,F.JIMENEZ,N. DE JULIAN,-8,"[09,09,07]",6 de noviembre de 2022,12:20,H - Bueno,1400,Liso,D,0,Despejado,0,5,16.5,La Zarzuela
1,PERFECT SUNRISE (FR),"60,5",4,,6,"5,9",EVANS MARCH,J.HORCAJADA,B. FAYOS,-8,"[02,01,01,01,06]",6 de noviembre de 2022,12:55,H - Bueno,1100,Liso,D,0,Despejado,0,5,17.5,La Zarzuela
2,BARBADO,"59,5",4,NARIZ,8,"18,2",WONDERLAND,O.ANAYA,R. RAMOS,-8,"[08,10,04,02,01]",6 de noviembre de 2022,12:55,H - Bueno,1100,Liso,D,0,Despejado,0,5,17.5,La Zarzuela
3,SOMETHING,61,3,1 C,3,"4,1",MEDITERRANEO,G.ARIZKORRETA,J.L. MARTINEZ,-3,"[03,02,01,01,02]",6 de noviembre de 2022,12:55,H - Bueno,1100,Liso,D,0,Despejado,0,5,17.5,La Zarzuela
4,DERDAS (GB),53,5,1 C,11,"25,6",VALLADOLID,G.ARIZKORRETA,D. FERREIRA,(5)(8),"[05,10,04,03,01]",6 de noviembre de 2022,12:55,H - Bueno,1100,Liso,D,0,Despejado,0,5,17.5,La Zarzuela
5,DAIQUIRYA,52,3,2 1/4 C,13,"13,6",AJEDREZ RACING,B.RAMA,C.PEREZ,(2)(4)(8),"[03,02,03,04,06]",6 de noviembre de 2022,12:55,H - Bueno,1100,Liso,D,0,Despejado,0,5,17.5,La Zarzuela
6,KOHOOF (GB),52,5,1/2 C,12,"25,1",NEW BEGINNINGS,F.JIMENEZ,N. GARCIA,(2)(4)(8),"[02,05,06,03,07]",6 de noviembre de 2022,12:55,H - Bueno,1100,Liso,D,0,Despejado,0,5,17.5,La Zarzuela
7,ALBORAN (FR),60,5,1/2 C,7,"13,7",IGUELDO,B.MORENO,J.GELABERT,-8,"[05,13,06,01,08]",6 de noviembre de 2022,12:55,H - Bueno,1100,Liso,D,0,Despejado,0,5,17.5,La Zarzuela
8,BRAVO,"60,5",3,1/2 C,5,"5,5",YEGUADA ROCIO,G.ARIZKORRETA,V. JANACEK,-5,"[07,05,04,03,04]",6 de noviembre de 2022,12:55,H - Bueno,1100,Liso,D,0,Despejado,0,5,17.5,La Zarzuela
9,NEW JACK SWING (IRE),59,5,2 C,9,"36,3",REZA PAZOOKI,O.ANAYA,A.OLIVAS,,"[09,11,04,01,NP]",6 de noviembre de 2022,12:55,H - Bueno,1100,Liso,D,0,Despejado,0,5,17.5,La Zarzuela
10,TUNANTE,57,4,1 1/2 C,10,"18,9",E. PEREZ GUZMAN,J.A.RODRIGUEZ,N. DE JULIAN,-8,"[07,03,09,03,07]",6 de noviembre de 2022,12:55,H - Bueno,1100,Liso,D,0,Despejado,0,5,17.5,La Zarzuela
11,FINTAS (GB),"61,5",6,1/2 C,2,8,MARQUES DE MIRAF...,CH.DELCHER,C. CADEL,-8,"[05,01,06,07,02]",6 de noviembre de 2022,12:55,H - Bueno,1100,Liso,D,0,Despejado,0,5,17.5,La Zarzuela
12,ALNASHERAT (GB),63,6,3/4 C,1,"7,8",IRU,O.ANAYA,R. SOUSA,,"[NP,01,07,NP,02]",6 de noviembre de 2022,12:55,H - Bueno,1100,Liso,D,0,Despejado,0,5,17.5,La Zarzuela
13,ASTIMEGOESBY (IRE),61,4,3 3/4 C,4,"23,5",ISLA DE FUERTEVE...,O.ANAYA,R.N.VALLE,-2,"[03,01,01,02,02]",6 de noviembre de 2022,12:55,H - Bueno,1100,Liso,D,0,Despejado,0,5,17.5,La Zarzuela
1,RUGBY INDUS (FR),61,5,,4,"10,6",COCHETEUX,F.RODRIGUEZ,B. FAYOS,-5,"[05,03,08,11,04]",6 de noviembre de 2022,13:30,H - Bueno,1600,Liso,C,0,Despejado,0,5,17.5,La Zarzuela
2,TESSICO (GB),52,3,1/4 C,12,"7,7",CASTILLA,A.SOTO,C.PEREZ,-8,"[01,04,05,06,NP]",6 de noviembre de 2022,13:30,H - Bueno,1600,Liso,C,0,Despejado,0,5,17.5,La Zarzuela
3,SMASH HIT (GB),63,4,2 C,1,"3,6",ISLA DE FUERTEVE...,J.C.CERQUEIRA,V. JANACEK,,"[Desc,05,07,01,01]",6 de noviembre de 2022,13:30,H - Bueno,1600,Liso,C,0,Despejado,0,5,17.5,La Zarzuela
4,ADAAYLIGHT DANCER (IRE),"55,5",4,CUELLO,10,"17,2",MAD MEN,G.ARIZKORRETA,N.SACCU,,"[01,04,05,04,03]",6 de noviembre de 2022,13:30,H - Bueno,1600,Liso,C,0,Despejado,0,5,17.5,La Zarzuela
5,WHAT'S UP (FR),"59,5",4,3/4 C,6,"19,1",MARQUES DE MIRAF...,CH.DELCHER,N. DE JULIAN,-3,"[02,04,03,12,05]",6 de noviembre de 2022,13:30,H - Bueno,1600,Liso,C,0,Despejado,0,5,17.5,La Zarzuela
6,BAADIRR (GB),"59,5",5,1 C,7,"11,2",ENRIQUE FERNANDE...,J.LOPEZ,J.GELABERT,(5)(8),"[01,01,01,03,01]",6 de noviembre de 2022,13:30,H - Bueno,1600,Liso,C,0,Despejado,0,5,17.5,La Zarzuela
7,SALLAB (IRE),"61,5",7,2 3/4 C,3,"13,8",TINERFE,O.ANAYA,R. SOUSA,-2,"[04,01,03,02,05]",6 de noviembre de 2022,13:30,H - Bueno,1600,Liso,C,0,Despejado,0,5,17.5,La Zarzuela
8,VETONA (IRE) (a),60,6,NARIZ,5,"18,4",HERMANOS ABOIN,A.CARRASCO,J.L. BORREGO,(4)(8),"[02,05,01,08,07]",6 de noviembre de 2022,13:30,H - Bueno,1600,Liso,C,0,Despejado,0,5,17.5,La Zarzuela
9,TIHANNA (IRE) (a),"55,5",7,1 3/4 C,11,"9,9",CUADRA A.F.F S.L,F.RODRIGUEZ,C. CADEL,,"[02,08,01,01,04]",6 de noviembre de 2022,13:30,H - Bueno,1600,Liso,C,0,Despejado,0,5,17.5,La Zarzuela
10,SINCELEJO (FR),"59,5",4,3 1/4 C,8,"15,6",COCHETEUX,M.ALVAREZ,R.N.VALLE,,"[09,05,01,02,01]",6 de noviembre de 2022,13:30,H - Bueno,1600,Liso,C,0,Despejado,0,5,17.5,La Zarzuela
11,CORPS DES PAGES (IRE),62,4,1 1/4 C,2,14,ZACARIAS SARMIEN...,O.ANAYA,R. RAMOS,-8,"[03,02,01,01,02]",6 de noviembre de 2022,13:30,H - Bueno,1600,Liso,C,0,Despejado,0,5,17.5,La Zarzuela
12,GLORYTOF (FR),58,3,3 1/4 C,9,"5,4",MEDITERRANEO,A.SOTO,J.L. MARTINEZ,-2,"[02,10,02,02,NP]",6 de noviembre de 2022,13:30,H - Bueno,1600,Liso,C,0,Despejado,0,5,17.5,La Zarzuela
1,IL DECAMERONE (FR),58,6,,1,2,REZA PAZOOKI,O.ANAYA,R. SOUSA,-8,"[01,01,01,06,06]",6 de noviembre de 2022,14:05,H - Bueno,2000,Liso,A,0,Despejado,0,5,18.5,La Zarzuela
2,MEDIA STORM (GB),58,5,1/4 C,2,"4,5",BEST HORSE,G.VAZ,V. JANACEK,,"[02,05,03,01,02]",6 de noviembre de 2022,14:05,H - Bueno,2000,Liso,A,0,Despejado,0,5,18.5,La Zarzuela
3,MARACAY,"56,5",4,2 1/4 C,5,"4,3",TOLEDO,A.NUÑEZ,B. FAYOS,,"[03,01,08,04,01]",6 de noviembre de 2022,14:05,H - Bueno,2000,Liso,A,0,Despejado,0,5,18.5,La Zarzuela
4,SIR ROQUE (FR) (a),58,6,1 C,3,"7,3",PEQUES,G.ARIZKORRETA,J.GELABERT,-3,"[NP,NP,03,03,03]",6 de noviembre de 2022,14:05,H - Bueno,2000,Liso,A,0,Despejado,0,5,18.5,La Zarzuela
5,TARANTELA (FR),"56,5",5,1 1/4 C,6,"11,7",YEGUADA AGF,G.ARIZKORRETA,J.L. MARTINEZ,,"[07,04,09,10,03]",6 de noviembre de 2022,14:05,H - Bueno,2000,Liso,A,0,Despejado,0,5,18.5,La Zarzuela
6,ALABAMA (FR),"56,5",3,10 1/2 C,4,"12,4",AGRADO,R.MARTIN A.,J.L. BORREGO,-4,"[05,02,01,10,02]",6 de noviembre de 2022,14:05,H - Bueno,2000,Liso,A,0,Despejado,0,5,18.5,La Zarzuela
1,BABY GROOM,"65,5",4,,4,"2,9",BREEDING HORSE,G.VAZ,"SRTA.GIAVARINI,S...",-3,"[02,01,02,06,06]",6 de noviembre de 2022,14:40,H - Bueno,2000,Liso,D,0,Despejado,0,5,18.5,La Zarzuela
2,COLIBRI (IRE),66,8,1 1/2 C,2,"4,9",BARRA SUR,F.JIMENEZ,"SRTA.BROTHERTON,...",,"[03,05,01,04,06]",6 de noviembre de 2022,14:40,H - Bueno,2000,Liso,D,0,Despejado,0,5,18.5,La Zarzuela
3,ASTURIAS,"65,5",4,9 C,3,"2,6",ZUL,C.FERNANDEZ,"STA. BUESA,C.",-3,"[02,02,04,03,07]",6 de noviembre de 2022,14:40,H - Bueno,2000,Liso,D,0,Despejado,0,5,18.5,La Zarzuela
4,UPSILON (GB),"61,5",4,1 1/4 C,5,"14,5","ANNUA RACING, S....",J.C.ROSELL,"SRTA. LOPEZ, D.",-5,"[17,05,03,08,06]",6 de noviembre de 2022,14:40,H - Bueno,2000,Liso,D,0,Despejado,0,5,18.5,La Zarzuela
5,SANBLASS,"58,5",4,3 C,8,11,BUELNA EQUII,P. ITURREGUI,"SRTA. TENA, C.",,"[10,05,04,03,02]",6 de noviembre de 2022,14:40,H - Bueno,2000,Liso,D,0,Despejado,0,5,18.5,La Zarzuela
6,ANAZ (GB),"66,00-65,00",4,1/2 C,1,"19,7",OLIVARES,E.ARGUINZONES,SRTA BALCONES T....,(2)(5)(8),"[NP,08,04,05,03]",6 de noviembre de 2022,14:40,H - Bueno,2000,Liso,D,0,Despejado,0,5,18.5,La Zarzuela
7,TE KOOP (GB),59,7,2 1/2 C,7,"9,4",LEONESA,J.LOPEZ,"SRTA RELAÑO,R.",(2)(5),"[11,03,02,02,01]",6 de noviembre de 2022,14:40,H - Bueno,2000,Liso,D,0,Despejado,0,5,18.5,La Zarzuela
97,ARETHA,"60,5",5,,6,0,ARTEMIS,J.LOPEZ,"SRTA ASPERILLA, ...",,"[04,08,04,01,05]",6 de noviembre de 2022,14:40,H - Bueno,2000,Liso,D,0,Despejado,0,5,18.5,La Zarzuela
1,ISOLDA,"55,5",2,,7,12,EL HERROJO,J.M.OSORIO,J.GELABERT,,[Debutante],30 de octubre de 2022,11:30,H-Bueno,1600,Liso,D,0,Parcialmente nublado,0,10,18,La Zarzuela
2,PRIAPO (FR),57,2,1 C,5,"11,1",DUQUE DE ALBURQU...,J.M.OSORIO,B. FAYOS,8,[Debutante],30 de octubre de 2022,11:30,H-Bueno,1600,Liso,D,0,Parcialmente nublado,0,10,18,La Zarzuela
3,SANCTI PETRI (GB),57,2,5 1/2 C,6,"5,8",BERNIE,J.C.CERQUEIRA,R.N.VALLE,8,[Debutante],30 de octubre de 2022,11:30,H-Bueno,1600,Liso,D,0,Parcialmente nublado,0,10,18,La Zarzuela
4,ATLANTIC NORTH (IRE),"57,00-56,00",2,1/4 C,1,"7,1","ANNUA RACING, S....",J.C.ROSELL,J.ZAMBUDIO,,[Debutante],30 de octubre de 2022,11:30,H-Bueno,1600,Liso,D,0,Parcialmente nublado,0,10,18,La Zarzuela
5,BRIGADOON (FR),57,2,1 3/4 C,3,"3,8",RUSH RACING,P.OLAVE,J.L. BORREGO,,[Debutante],30 de octubre de 2022,11:30,H-Bueno,1600,Liso,D,0,Parcialmente nublado,0,10,18,La Zarzuela
6,MORE LATE,"55,50-53,00",2,2 C,8,"14,1",BUELNA EQUII,P. ITURREGUI,C.PEREZ,8,[Debutante],30 de octubre de 2022,11:30,H-Bueno,1600,Liso,D,0,Parcialmente nublado,0,10,18,La Zarzuela
7,BEL EVENT (FR),57,2,8 1/2 C,2,"7,7",EL REMO,G.ARIZKORRETA,R. SOUSA,,[Debutante],30 de octubre de 2022,11:30,H-Bueno,1600,Liso,D,0,Parcialmente nublado,0,10,18,La Zarzuela
8,CLASSIC RILEY (GER),57,2,4 C,4,"3,4",YEGUADA ROCIO,G.ARIZKORRETA,V. JANACEK,,[Debutante],30 de octubre de 2022,11:30,H-Bueno,1600,Liso,D,0,Parcialmente nublado,0,10,18,La Zarzuela
1,BIG MACK,63,5,,1,"23,2",INCITATUS RACING,M&M RACING,B. FAYOS,,"[03,01,NP,05,02]",30 de octubre de 2022,12:05,H-Bueno,1500,Liso,D,0,Parcialmente nublado,0,10,18,La Zarzuela
2,DABESPIR (FR),60,4,1 1/4 C,7,"3,4",SOÑADOR,B.RAMA,R. SOUSA,(3)(8),"[02,02,03,04,04]",30 de octubre de 2022,12:05,H-Bueno,1500,Liso,D,0,Parcialmente nublado,0,10,18,La Zarzuela
3,ATLANTICO (GER),"58,50-55,00",7,1 1/2 C,11,"21,1",REAPERTURA,A.TSERETELI,C.HAZEN,,"[08,07,05,03,01]",30 de octubre de 2022,12:05,H-Bueno,1500,Liso,D,0,Parcialmente nublado,0,10,18,La Zarzuela
4,AMIL (FR),62,3,NARIZ,3,"6,2",JULIAN VIEITEZ,E.ARGUINZONES,V. JANACEK,(5)(8),"[01,02,05,08,05]",30 de octubre de 2022,12:05,H-Bueno,1500,Liso,D,0,Parcialmente nublado,0,10,18,La Zarzuela
5,LIGHTNINGSUN,"55,50-52,50",4,2 1/4 C,16,"11,7",YEGUADA VALMODOM...,D.BENITEZ,C.PEREZ,8,"[06,04,07,10,03]",30 de octubre de 2022,12:05,H-Bueno,1500,Liso,D,0,Parcialmente nublado,0,10,18,La Zarzuela
6,VELETA,"58,50-55,50",5,1 3/4 C,12,33,POPURRI,M.J.PEREZ,A.MARTINEZ,(5)(8),"[09,13,02,06,05]",30 de octubre de 2022,12:05,H-Bueno,1500,Liso,D,0,Parcialmente nublado,0,10,18,La Zarzuela
7,NATURAL TALENT,60,4,3/4 C,6,"14,9",4 C,A.SANCHEZ C.,D. FERREIRA,3," [07,03,05,02,02]",30 de octubre de 2022,12:05,H-Bueno,1500,Liso,D,0,Parcialmente nublado,0,10,18,La Zarzuela
8,VINCERO (GB),"61,00-57,00",3,1 3/4 C,5,"22,3",YEGUADA AGF,G.ARIZKORRETA,D.SIKOROVÁ,,"[05,08,NP,04]",30 de octubre de 2022,12:05,H-Bueno,1500,Liso,D,0,Parcialmente nublado,0,10,18,La Zarzuela
9,VEGADEO,"63,00-60,50",3,1/2 C,2,"15,8",SOÑADOR,B.RAMA,N.SACCU,5,"[06,06,02,03,01]",30 de octubre de 2022,12:05,H-Bueno,1500,Liso,D,0,Parcialmente nublado,0,10,18,La Zarzuela
10,CONSPIRACY (GB),"59,50-57,00",4,8 1/2 C,9,"15,8",PATRIZIA ROSSANA...,M&M RACING,B.ESTUPIÑAN,8,"[01,11,04,03,03]",30 de octubre de 2022,12:05,H-Bueno,1500,Liso,D,0,Parcialmente nublado,0,10,18,La Zarzuela
11,MACHU PICCHU,"59,00-58,00",4,1/4 C,10,"18,6",AMAZING TURF,J.A.RODRIGUEZ,N. GARCIA,,"[04,08,02,04,03]",30 de octubre de 2022,12:05,H-Bueno,1500,Liso,D,0,Parcialmente nublado,0,10,18,La Zarzuela
12,BRIAREO (IRE) (a),"56,5",5,1 3/4 C,14,"36,2",MP RACING,M.PULIDO,N. DE JULIAN,8,"[08,04,06,05,08]",30 de octubre de 2022,12:05,H-Bueno,1500,Liso,D,0,Parcialmente nublado,0,10,18,La Zarzuela
13,HALAGADA,"57,5",3,1/2 C,13,11,TIFLISI,A.TSERETELI,J.GELABERT,8,"[NP,03,03,11,07]",30 de octubre de 2022,12:05,H-Bueno,1500,Liso,D,0,Parcialmente nublado,0,10,18,La Zarzuela
14,UPSDAWN (GB),"61,50-59,00",4,1 3/4 C,4,"13,9",DONALFA,M.J.PEREZ,"STA. BUESA,C.",(5)(8),"[06,16,03,01,02]",30 de octubre de 2022,12:05,H-Bueno,1500,Liso,D,0,Parcialmente nublado,0,10,18,La Zarzuela
15,MANIOKA (FR),60,4,2 C,8,"20,3",EVANS MARCH,J.HORCAJADA,R.N.VALLE,8,"[02,04,01,06,14]",30 de octubre de 2022,12:05,H-Bueno,1500,Liso,D,0,Parcialmente nublado,0,10,18,La Zarzuela
16,HANNA,"55,00-54,00",5,2 3/4 C,17,"17,4",MERYDEIS,J.C.ROSELL,J.ZAMBUDIO,,"[08,07,01,01,03]",30 de octubre de 2022,12:05,H-Bueno,1500,Liso,D,0,Parcialmente nublado,0,10,18,La Zarzuela
97,YESWECAN BARELIERE (FR),56,3,,15,0,OLEOVID,A.CARRASCO,F.MARTINEZ,(4)(8),"[10,08,06]",30 de octubre de 2022,12:05,H-Bueno,1500,Liso,D,0,Parcialmente nublado,0,10,18,La Zarzuela
1,LADY RAZALMA (GB),"54,5",2,,12,"16,4",CENTURION,M&M RACING,J.L. MARTINEZ,,"[05,08,05]",30 de octubre de 2022,12:40,H-Bueno,1800,Liso,D,0,Parcialmente nublado,0,10,19,La Zarzuela
2,FAITH ROSE,56,2,1/2 C,2,"17,9",TEN FE,P.OLAVE,C. CADEL,3,[07],30 de octubre de 2022,12:40,H-Bueno,1800,Liso,D,0,Parcialmente nublado,0,10,19,La Zarzuela
3,ROBLON (GB),56,2,4 C,5,"10,1",MARTUL,R.MARTIN V.,J.L. BORREGO,8,"[09,02,NP]",30 de octubre de 2022,12:40,H-Bueno,1800,Liso,D,0,Parcialmente nublado,0,10,19,La Zarzuela
4,PINSAPO (IRE),56,2,1 1/2 C,4,"6,2",MEDITERRANEO,G.ARIZKORRETA,R. SOUSA,,"[03,07]",30 de octubre de 2022,12:40,H-Bueno,1800,Liso,D,0,Parcialmente nublado,0,10,19,La Zarzuela
5,STARSHADOW (GB),"54,5",2,1/2 C,13,"11,8",CELSO MENDEZ,M.ALVAREZ,R.N.VALLE,,"[07,07,05]",30 de octubre de 2022,12:40,H-Bueno,1800,Liso,D,0,Parcialmente nublado,0,10,19,La Zarzuela
6,SHELBY (FR),"56,00-55,00",2,3 1/4 C,6,"12,7",MARTUL,J.A.RODRIGUEZ,N. GARCIA,,"[05,05,06]",30 de octubre de 2022,12:40,H-Bueno,1800,Liso,D,0,Parcialmente nublado,0,10,19,La Zarzuela
7,WINTON (FR),56,2,1/2 C,8,"32,2",TIGRES,A.NUÑEZ,D. FERREIRA,(4)(8),[12],30 de octubre de 2022,12:40,H-Bueno,1800,Liso,D,0,Parcialmente nublado,0,10,19,La Zarzuela
8,XILADO (GB),"56,00-54,00",2,2 3/4 C,9,"37,1",PAOLO NERI,M&M RACING,B.ESTUPIÑAN,,[07],30 de octubre de 2022,12:40,H-Bueno,1800,Liso,D,0,Parcialmente nublado,0,10,19,La Zarzuela
9,UMBRA (FR),"54,5",2,1 1/4 C,14,13,COCHETEUX,M.ALVAREZ,N. DE JULIAN,,[04],30 de octubre de 2022,12:40,H-Bueno,1800,Liso,D,0,Parcialmente nublado,0,10,19,La Zarzuela
10,WARRIOR'S REVENGE (GB),56,2,3 1/2 C,7,"3,6",YEGUADA ROCIO,G.ARIZKORRETA,V. JANACEK,,"[03,05,03,03,05]",30 de octubre de 2022,12:40,H-Bueno,1800,Liso,D,0,Parcialmente nublado,0,10,19,La Zarzuela
11,AURORITA (FR),"54,50-52,00",2,1 3/4 C,11,36,RAPIER,B.VALENTI,A.MARTINEZ,(2)(8),"[16,14]",30 de octubre de 2022,12:40,H-Bueno,1800,Liso,D,0,Parcialmente nublado,0,10,19,La Zarzuela
12,ATREVIDA (FR),"54,50-52,00",2,6 1/2 C,10,"28,7",E. PEREZ GUZMAN,J.A.RODRIGUEZ,C.PEREZ,,[16],30 de octubre de 2022,12:40,H-Bueno,1800,Liso,D,0,Parcialmente nublado,0,10,19,La Zarzuela
13,WALKING TO GLORY (FR),"54,50-53,00",2,14 1/2 C,15,"30,6",AMAZING TURF,J.A.RODRIGUEZ,L.CASTILLON,8,"[07,05,05,05,04]",30 de octubre de 2022,12:40,H-Bueno,1800,Liso,D,0,Parcialmente nublado,0,10,19,La Zarzuela
14,FORTUNATO (FR),"57,5",2,1 1/4 C,1,"4,9",4 C,J.A.RODRIGUEZ,J.GELABERT,8,"[03,08,01,03]",30 de octubre de 2022,12:40,H-Bueno,1800,Liso,D,0,Parcialmente nublado,0,10,19,La Zarzuela
97,FLAMING GLASS,"56,00-55,00",2,,3,0,ARCO,A.SOTO,J.ZAMBUDIO,,[13],30 de octubre de 2022,12:40,H-Bueno,1800,Liso,D,0,Parcialmente nublado,0,10,19,La Zarzuela
1,CHARMING LOOK (GB),"60,5",4,,3,"6,5",REZA PAZOOKI,O.ANAYA,R. SOUSA,8,"[10,05,01,03,01]",30 de octubre de 2022,13:15,H-Bueno,1500,Liso,D,0,Parcialmente nublado,0,10,19,La Zarzuela
2,COSTA ESMERALDA (FR),"54,50-54,00",8,3/4 C,11,"11,4",JACOPO TELLINI,M&M RACING,B.ESTUPIÑAN,,"[05,02,03,01,01]",30 de octubre de 2022,13:15,H-Bueno,1500,Liso,D,0,Parcialmente nublado,0,10,19,La Zarzuela
3,FIJI GOLD (GB),"58,5",3,NARIZ,5,"11,9",SOÑADOR,B.RAMA,B. FAYOS,3,"[07,01,01,05,02]",30 de octubre de 2022,13:15,H-Bueno,1500,Liso,D,0,Parcialmente nublado,0,10,19,La Zarzuela
4,BABA KARAM,"63,00-60,50",5,1 1/4 C,1,"12,3",REZA PAZOOKI,O.ANAYA,N.SACCU,,"[04,07,01,02,01]",30 de octubre de 2022,13:15,H-Bueno,1500,Liso,D,0,Parcialmente nublado,0,10,19,La Zarzuela
5,TALES (GB) (a),"55,00-55,50",5,3/4 C,8,"9,8",CANARIAS,E.ARGUINZONES,V. JANACEK,(5)(8),"[02,12,02,01,01]",30 de octubre de 2022,13:15,H-Bueno,1500,Liso,D,0,Parcialmente nublado,0,10,19,La Zarzuela
6,VALE (GB),57,8,NARIZ,6,"7,7",BOLAK,M&M RACING,J.L. MARTINEZ,(2)(5)(8),"[04,06,03,02,02]",30 de octubre de 2022,13:15,H-Bueno,1500,Liso,D,0,Parcialmente nublado,0,10,19,La Zarzuela
7,EINAR (IRE),"55,50-52,50",6,CUELLO,7,"7,6",BERNIE,J.LOPEZ,C.PEREZ,5,"[05,04,04,03,02]",30 de octubre de 2022,13:15,H-Bueno,1500,Liso,D,0,Parcialmente nublado,0,10,19,La Zarzuela
8,PEAKY BLINDERS,"61,00-58,00",4,3 3/4 C,2,"21,4",ANAIAK,O.ANAYA,A.MARTINEZ,8,"[07,02,02,08,08]",30 de octubre de 2022,13:15,H-Bueno,1500,Liso,D,0,Parcialmente nublado,0,10,19,La Zarzuela
9,AARASH,59,4,CUELLO,4,"32,6",REZA PAZOOKI,O.ANAYA,R. RAMOS,,"[08,09,01,04,03]",30 de octubre de 2022,13:15,H-Bueno,1500,Liso,D,0,Parcialmente nublado,0,10,19,La Zarzuela
10,PADERNO (FR),"55,00-55,50",3,1 1/2 C,10,"19,9",CUADRA A.F.F S.L,F.RODRIGUEZ,C. CADEL,,"[06,05,04,01,01]",30 de octubre de 2022,13:15,H-Bueno,1500,Liso,D,0,Parcialmente nublado,0,10,19,La Zarzuela
11,BALLET STAR,"54,5",4,1 3/4 C,12,"30,9",HERDADE GOMES,O.ANAYA,D. FERREIRA,,"[10,10,03,04,01]",30 de octubre de 2022,13:15,H-Bueno,1500,Liso,D,0,Parcialmente nublado,0,10,19,La Zarzuela
12,BIDUL,55,4,12 1/2 C,9,"3,1",MIRINDA RACING,M.A.MARIN,J.GELABERT,8,"[02,02,06,02,02]",30 de octubre de 2022,13:15,H-Bueno,1500,Liso,D,0,Parcialmente nublado,0,10,19,La Zarzuela
1,SOMMERSUN (FR),57,2,,5,4,CUADRA A.F.F S.L,F.RODRIGUEZ,R. SOUSA,,"[01,01,01,03]",30 de octubre de 2022,13:50,H-Bueno,1600,Liso,D,0,Soleado,0,10,19.5,La Zarzuela
2,PETRA (FR),"55,5",2,1 1/4 C,7,"3,1",ECURIE DES MOUET...,"A.IMAZ,B.",C. CADEL,8,"[01,08,01,01,02]",30 de octubre de 2022,13:50,H-Bueno,1600,Liso,D,0,Soleado,0,10,19.5,La Zarzuela
3,WAR OF DANCE (IRE),"55,5",2,NARIZ,9,"4,7",PEQUES,G.ARIZKORRETA,J.GELABERT,,"[02,03]",30 de octubre de 2022,13:50,H-Bueno,1600,Liso,D,0,Soleado,0,10,19.5,La Zarzuela
4,KOWALSKY (FR),57,2,1/4 C,1,"5,7",AGRADO,CH.DELCHER,B. FAYOS,,"[01,02]",30 de octubre de 2022,13:50,H-Bueno,1600,Liso,D,0,Soleado,0,10,19.5,La Zarzuela
5,PAMPLONA,57,2,1/2 C,4,"11,8",YEGUADA ROCIO,G.ARIZKORRETA,V. JANACEK,,"[03,03]",30 de octubre de 2022,13:50,H-Bueno,1600,Liso,D,0,Soleado,0,10,19.5,La Zarzuela
6,MONCAYO (FR),57,2,4 1/4 C,3,"16,4",LUCARMADA,R.AVIAL,V.SEGUY,,"[03,02,04,03,05]",30 de octubre de 2022,13:50,H-Bueno,1600,Liso,D,0,Soleado,0,10,19.5,La Zarzuela
7,MAHATMA (IRE),57,2,11 1/2 C,2,"10,6",GIULIA,M&M RACING,J.L. MARTINEZ,3,"[02,01,07,06]",30 de octubre de 2022,13:50,H-Bueno,1600,Liso,D,0,Soleado,0,10,19.5,La Zarzuela
8,ARQUETU (IRE),"55,5",2,1 1/2 C,6,"17,6",MARTUL,R.MARTIN V.,J.L. BORREGO,(3)(8),"[02,08,02]",30 de octubre de 2022,13:50,H-Bueno,1600,Liso,D,0,Soleado,0,10,19.5,La Zarzuela
97,SANT'ANITTA,"55,5",2,,8,0,BREEDING HORSE,G.VAZ,D. FERREIRA,,[ Debutante],30 de octubre de 2022,13:50,H-Bueno,1600,Liso,D,0,Soleado,0,10,19.5,La Zarzuela
1,ASTRAL,57,4,,7,7,ATERPE,G.ARIZKORRETA,V. JANACEK,,"[06,07,05,03,04]",30 de octubre de 2022,14:25,H-Bueno,3200,Liso,D,0,Soleado,0,10,19.5,La Zarzuela
2,ORBAYO (IRE),60,6,1 C,2,"6,4",LAS AGUILAS,A.CARRASCO,R. SOUSA,8,"[01,03,07,02,05]",30 de octubre de 2022,14:25,H-Bueno,3200,Liso,D,0,Soleado,0,10,19.5,La Zarzuela
3,TRES DE TREBOL (FR),55,4,1/2 C,8,"4,2",FORRAJES Y CEREA...,D.DIEZ,R.N.VALLE,8,"[01,06,03,04,02]",30 de octubre de 2022,14:25,H-Bueno,3200,Liso,D,0,Soleado,0,10,19.5,La Zarzuela
4,SIX RIVERS (GB),"57,5",3,3 3/4 C,6,"6,3",MARQUES DE MIRAF...,CH.DELCHER,J.ZAMBUDIO,3,"[03,04,03,08,03]",30 de octubre de 2022,14:25,H-Bueno,3200,Liso,D,0,Soleado,0,10,19.5,La Zarzuela
5,TRESEFES,52,5,7 C,9,"13,3",COSTA LA VALL,R.COSTA,C.PEREZ,8,"[06,02,03,03,01]",30 de octubre de 2022,14:25,H-Bueno,3200,Liso,D,0,Soleado,0,10,19.5,La Zarzuela
6,COBRECES (GB),58,4,2 1/4 C,5,"17,6",ENRIQUE FERNANDE...,J.LOPEZ,J.L. BORREGO,(5)(8),"[03,05,09,01,01]",30 de octubre de 2022,14:25,H-Bueno,3200,Liso,D,0,Soleado,0,10,19.5,La Zarzuela
7,FINELY TUNED (IRE),63,5,1/2 C,1,"6,4",ENRIQUE FERNANDE...,J.LOPEZ,B. FAYOS,(3)(8),"[10,04,04,12,06]",30 de octubre de 2022,14:25,H-Bueno,3200,Liso,D,0,Soleado,0,10,19.5,La Zarzuela
8,UROGALLO,"59,5",4,3 3/4 C,4,"5,8",PEQUES,G.ARIZKORRETA,J.GELABERT,,"[03,03,02,01,01]",30 de octubre de 2022,14:25,H-Bueno,3200,Liso,D,0,Soleado,0,10,19.5,La Zarzuela
9,RESUMPTION (GB),60,4,2 C,3,"10,2",MARQUES DE MIRAF...,CH.DELCHER,N. DE JULIAN,,"[05,07,08,10,04]",30 de octubre de 2022,14:25,H-Bueno,3200,Liso,D,0,Soleado,0,10,19.5,La Zarzuela
1,PENRHEAD (FR),"54,00-53,00",2,,9,"10,2",PALCO 7,J.L.MAROTO,V.ALONSO V.,-3,"[07,05,05]",23 de octubre de 2022,11:30,H - Blando,1400,Liso,D,0,Lluvia moderada a intervalos,0,28,17,La Zarzuela
2,VOLCAN (FR),"55,5",2,1/2 C,7,"4,9",PINNA FIDELIS,G.ARIZKORRETA,R. SOUSA,,"[04,05,08]",23 de octubre de 2022,11:30,H - Blando,1400,Liso,D,0,Lluvia moderada a intervalos,0,28,17,La Zarzuela
3,AL BARIN (IRE),57,2,NARIZ,2,"3,3",CELSO MENDEZ,J.LOPEZ,J.GELABERT,,"[01,03,04]",23 de octubre de 2022,11:30,H - Blando,1400,Liso,D,0,Lluvia moderada a intervalos,0,28,17,La Zarzuela
4,KENMYA (FR),57,2,NARIZ,3,"2,9",YEGUADA ROCIO,G.ARIZKORRETA,V. JANACEK,,"[01,05,01,07]",23 de octubre de 2022,11:30,H - Blando,1400,Liso,D,0,Lluvia moderada a intervalos,0,28,17,La Zarzuela
5,BLUE MOON EYES,"55,50-56,00",2,1 C,5,"26,2",4 C,J.A.RODRIGUEZ,B. FAYOS,,"[09,03,02,06,06]",23 de octubre de 2022,11:30,H - Blando,1400,Liso,D,0,Lluvia moderada a intervalos,0,28,17,La Zarzuela
6,HELHEIM (FR),"55,50-54,50",2,9 1/2 C,6,"12,7",MARQUES DE MIRAF...,CH.DELCHER,J.ZAMBUDIO,-3,"[05,06]",23 de octubre de 2022,11:30,H - Blando,1400,Liso,D,0,Lluvia moderada a intervalos,0,28,17,La Zarzuela
7,PERILLAN,"57,00-54,50",2,1 C,4,"43,4",E. PEREZ GUZMAN,J.A.RODRIGUEZ,C.PEREZ,-8,"[14,05,01,02,09]",23 de octubre de 2022,11:30,H - Blando,1400,Liso,D,0,Lluvia moderada a intervalos,0,28,17,La Zarzuela
8,GRACIOSA CANARIA,54,2,6 1/4 C,8,35,TOLEDO,A.NUÑEZ,R.N.VALLE,,[ Debutante ],23 de octubre de 2022,11:30,H - Blando,1400,Liso,D,0,Lluvia moderada a intervalos,0,28,17,La Zarzuela
9,QUILLA MOON (IRE),"58,5",2,9 3/4 C,1,7,CENTURION,M&M RACING,J.L. MARTINEZ,-8,"[04,05,07,01]",23 de octubre de 2022,11:30,H - Blando,1400,Liso,D,0,Lluvia moderada a intervalos,0,28,17,La Zarzuela
1,CAPOEIRA(IRE),60,3,,3,"7,3",REBUS,A.TSERETELI,"SYLVAIN, RUIS",-3,"[01,05,01,05,04]",23 de octubre de 2022,12:05,H - Blando,1800,Liso,C,0,Lluvia moderada a intervalos,0,28,17,La Zarzuela
2,GLORYTOF (FR),60,3,1/4 C,2,5,MEDITERRANEO,A.SOTO,J.L. MARTINEZ,-2,"[10,02,02,NP,02]",23 de octubre de 2022,12:05,H - Blando,1800,Liso,C,0,Lluvia moderada a intervalos,0,28,17,La Zarzuela
3,GALILODGE (FR),61,3,5 1/4 C,1,"9,2",ELEVAGE LA REVER...,T.MARTINS,R. SOUSA,(3)(8),"[14,16,07,03,04]",23 de octubre de 2022,12:05,H - Blando,1800,Liso,C,0,Lluvia moderada a intervalos,0,28,17,La Zarzuela
4,GRAN BELGA (GB),57,3,1/2 C,5,"4,1",EL RETORNO,F.JIMENEZ,B. FAYOS,-8,"[03,01,04,01,03]",23 de octubre de 2022,12:05,H - Blando,1800,Liso,C,0,Lluvia moderada a intervalos,0,28,17,La Zarzuela
5,ATLANTA (FR),"53,5",3,1 C,8,"10,3",CARAL,J.L.MAROTO,V.ALONSO V.,,"[04,03,05,06,06]",23 de octubre de 2022,12:05,H - Blando,1800,Liso,C,0,Lluvia moderada a intervalos,0,28,17,La Zarzuela
6,COOLMEEN VEGA (IRE),56,3,6 1/2 C,6,7,SAYAGO,G.ARIZKORRETA,V. JANACEK,,"[03,04,NP,01,04]",23 de octubre de 2022,12:05,H - Blando,1800,Liso,C,0,Lluvia moderada a intervalos,0,28,17,La Zarzuela
7,CORVERA (GB),55,3,3/4 C,7,4,EL PECADO,J.LOPEZ,J.GELABERT,,"[02,02,01,02,05]",23 de octubre de 2022,12:05,H - Blando,1800,Liso,C,0,Lluvia moderada a intervalos,0,28,17,La Zarzuela
8,NASAB (GB),57,3,3/4 C,4,"13,9",MARQUES DE MIRAF...,CH.DELCHER,J.ZAMBUDIO,,"[04,11,04,05,01]",23 de octubre de 2022,12:05,H - Blando,1800,Liso,C,0,Lluvia moderada a intervalos,0,28,17,La Zarzuela
1,IL DECAMERONE (FR),61,6,,2,"3,2",REZA PAZOOKI,O.ANAYA,R. SOUSA,-8,"[01,01,06,06,06]",23 de octubre de 2022,12:40,H - Blando,1800,Liso,B,0,Lluvia moderada a intervalos,0,28,17,La Zarzuela
2,FURIOSO,61,6,1 3/4 C,1,"8,2",YEGUADA ROCIO,G.ARIZKORRETA,V. JANACEK,,"[10,02,01,01,09]",23 de octubre de 2022,12:40,H - Blando,1800,Liso,B,0,Lluvia moderada a intervalos,0,28,17,La Zarzuela
3,MARACAY,58,4,1 C,5,"1,9",TOLEDO,A.NUÑEZ,R.N.VALLE,,"[01,08,04,01,01]",23 de octubre de 2022,12:40,H - Blando,1800,Liso,B,0,Lluvia moderada a intervalos,0,28,17,La Zarzuela
4,ORZOWEI (GB),58,5,1/4 C,6,"7,3",FLORINES,P.OLAVE,B. FAYOS,,"[07,02,06,01,01]",23 de octubre de 2022,12:40,H - Blando,1800,Liso,B,0,Lluvia moderada a intervalos,0,28,17,La Zarzuela
5,RUGBY INDUS (FR),58,5,4 1/2 C,7,"11,2",COCHETEUX,F.RODRIGUEZ,J.L. MARTINEZ,-5,"[03,08,11,04,01]",23 de octubre de 2022,12:40,H - Blando,1800,Liso,B,0,Lluvia moderada a intervalos,0,28,17,La Zarzuela
6,ARENAL (IRE),"59,5",6,4 C,4,"14,1",FEROZ,P.OLAVE,J.L. BORREGO,-3,"[06,05,01,06,01]",23 de octubre de 2022,12:40,H - Blando,1800,Liso,B,0,Lluvia moderada a intervalos,0,28,17,La Zarzuela
97,SIR ROQUE (FR) (a),61,6,,3,0,PEQUES,G.ARIZKORRETA,J.GELABERT,-3,"[NP,03,03,03,01]",23 de octubre de 2022,12:40,H - Blando,1800,Liso,B,0,Lluvia moderada a intervalos,0,28,17,La Zarzuela
1,SANSEVERO (IRE),"59,5",5,,4,"14,7",WONDERLAND,O.ANAYA,V. JANACEK,-2,"[03,02,01,C,06]",23 de octubre de 2022,13:15,H - Blando,1200,Liso,D,0,Lluvia moderada a intervalos,0,28,17,La Zarzuela
2,KOHOOF (GB),"52,50-53,00",5,1 C,9,12,NEW BEGINNINGS,F.JIMENEZ,R.N.VALLE,(2)(4)(8),"[05,06,03,07,04]",23 de octubre de 2022,13:15,H - Blando,1200,Liso,D,0,Lluvia moderada a intervalos,0,28,17,La Zarzuela
3,DAIQUIRYA,"52,00-51,00",3,1/2 C,10,"4,1",AJEDREZ RACING,B.RAMA,C.PEREZ,(4)(8),"[02,03,04,06,10]",23 de octubre de 2022,13:15,H - Blando,1200,Liso,D,0,Lluvia moderada a intervalos,0,28,17,La Zarzuela
4,INCREDIT (GB),"60,00-59,00",3,4 3/4 C,3,"15,4",MARQUES DE MIRAF...,CH.DELCHER,J.ZAMBUDIO,,"[04,NP,03,NP,02]",23 de octubre de 2022,13:15,H - Blando,1200,Liso,D,0,Lluvia moderada a intervalos,0,28,17,La Zarzuela
5,DERDAS (GB),"58,50-55,50",5,CUELLO,5,"7,9",VALLADOLID,G.ARIZKORRETA,A.MARTINEZ,(5)(8),"[10,04,03,01,04]",23 de octubre de 2022,13:15,H - Blando,1200,Liso,D,0,Lluvia moderada a intervalos,0,28,17,La Zarzuela
6,BATTLE OF WATERLOO (IRE),"54,50-56,00",6,3 1/2 C,7,"5,2",DIAZMOR,J.C.CERQUEIRA,B. FAYOS,-4,"[05,02,02,01,04]",23 de octubre de 2022,13:15,H - Blando,1200,Liso,D,0,Lluvia moderada a intervalos,0,28,17,La Zarzuela
7,TUNANTE,"63,00-60,50",4,2 C,1,"5,1",E. PEREZ GUZMAN,J.A.RODRIGUEZ,N.SACCU,-8,"[03,09,03,07,03]",23 de octubre de 2022,13:15,H - Blando,1200,Liso,D,0,Lluvia moderada a intervalos,0,28,17,La Zarzuela
8,MARIANCE (GB),58,4,8 3/4 C,6,6,REZA PAZOOKI,O.ANAYA,R. SOUSA,,"[07,05,03,06,05]",23 de octubre de 2022,13:15,H - Blando,1200,Liso,D,0,Lluvia moderada a intervalos,0,28,17,La Zarzuela
9,CORRECAMINOS,"61,50-59,00",4,6 1/4 C,2,"9,4",SAN MAMES,T.CALLEJO S.,"STA. BUESA,C.",-8,"[07,06,01,05,09]",23 de octubre de 2022,13:15,H - Blando,1200,Liso,D,0,Lluvia moderada a intervalos,0,28,17,La Zarzuela
97,BODAK YELLOW (IRE),"53,50-52,50",4,,8,0,BERNIE,J.C.CERQUEIRA,V.ALONSO V.,(2)(4),"[12,P,11,06,08]",23 de octubre de 2022,13:15,H - Blando,1200,Liso,D,0,Lluvia moderada a intervalos,0,28,17,La Zarzuela
1,UPA LOLA,"57,5",4,,6,6,YEGUADA AGF,G.ARIZKORRETA,J.GELABERT,,"[03,05,08,04,02]",23 de octubre de 2022,13:50,H - Blando,1600,Liso,A,0,Ligeras precipitaciones,0.1,25,17,La Zarzuela
2,DAJLA (GB),"57,5",5,1/2 C,2,"5,9",YEGUADA ROCIO,G.ARIZKORRETA,V. JANACEK,-5,"[06,08,13,02,01]",23 de octubre de 2022,13:50,H - Blando,1600,Liso,A,0,Ligeras precipitaciones,0.1,25,17,La Zarzuela
3,SUPER TRIP (FR),56,3,2 1/4 C,9,"2,1",AGRADO,CH.DELCHER,J.ZAMBUDIO,,"[02,01,02,01,NP]",23 de octubre de 2022,13:50,H - Blando,1600,Liso,A,0,Ligeras precipitaciones,0.1,25,17,La Zarzuela
4,GUERREIRA (IRE),"57,5",5,CABEZA,3,9,NOSSA SENHORA DO...,H.PEREIRA,J.L. BORREGO,,"[09,03,07,04,12]",23 de octubre de 2022,13:50,H - Blando,1600,Liso,A,0,Ligeras precipitaciones,0.1,25,17,La Zarzuela
5,DIVA VICTORIA (FR),56,3,2 1/2 C,8,"8,5",ASOC.LA TOLEDANA...,CH.DELCHER,"SYLVAIN, RUIS",-8,"[02,06,06,03,04]",23 de octubre de 2022,13:50,H - Blando,1600,Liso,A,0,Ligeras precipitaciones,0.1,25,17,La Zarzuela
6,CASILDA,56,3,5 3/4 C,7,"6,8",CELSO MENDEZ,M.ALVAREZ,R.N.VALLE,,"[01,07,05,05,05]",23 de octubre de 2022,13:50,H - Blando,1600,Liso,A,0,Ligeras precipitaciones,0.1,25,17,La Zarzuela
7,KENNOCHA (IRE),"57,5",6,1/2 C,5,"15,5",L & M RACING,G.VAZ,B. FAYOS,-8,"[09,05,02,02,06]",23 de octubre de 2022,13:50,H - Blando,1600,Liso,A,0,Ligeras precipitaciones,0.1,25,17,La Zarzuela
97,AUNT AGATHA (GB),"57,5",4,,1,0,MEDINA DIAZ,O.ANAYA,R. SOUSA,-8,"[04,03,01,01,07]",23 de octubre de 2022,13:50,H - Blando,1600,Liso,A,0,Ligeras precipitaciones,0.1,25,17,La Zarzuela
97,INES (GB),"57,5",4,,4,0,MEDITERRANEO,G.ARIZKORRETA,J.L. MARTINEZ,,"[01,08,08,08,01]",23 de octubre de 2022,13:50,H - Blando,1600,Liso,A,0,Ligeras precipitaciones,0.1,25,17,La Zarzuela
1,DEFINED (GB),63,4,,1,"7,4",YEGUADA ROCIO,G.ARIZKORRETA,V. JANACEK,,"[03,01,C,04,01]",23 de octubre de 2022,14:25,H - Blando,2200,Liso,C,0,Ligeras precipitaciones,0.1,25,17,La Zarzuela
2,ASTURIAS,"55,5",4,5 C,7,"8,5",ZUL,C.FERNANDEZ,J.ZAMBUDIO,3,"[02,04,03,07,07]",23 de octubre de 2022,14:25,H - Blando,2200,Liso,C,0,Ligeras precipitaciones,0.1,25,17,La Zarzuela
3,UROGALLO,"59,5",4,1/2 C,3,"7,9",PEQUES,G.ARIZKORRETA,J.GELABERT,,"[03,02,01,01,01]",23 de octubre de 2022,14:25,H - Blando,2200,Liso,C,0,Ligeras precipitaciones,0.1,25,17,La Zarzuela
4,SEVERUS (FR),57,3,CUELLO,5,6,CELSO MENDEZ,M.ALVAREZ,R.N.VALLE,,"[06,03,05,02,03]",23 de octubre de 2022,14:25,H - Blando,2200,Liso,C,0,Ligeras precipitaciones,0.1,25,17,La Zarzuela
5,DUTCH KIKI (GB),"55,5",4,1 1/2 C,6,"3,2",PETIT CANTER,A.TSERETELI,R. SOUSA,,"[03,01,05,02,05]",23 de octubre de 2022,14:25,H - Blando,2200,Liso,C,0,Ligeras precipitaciones,0.1,25,17,La Zarzuela
6,MAITRE YODA (FR),60,4,5 1/2 C,2,"4,6",CUADRA A.F.F S.L,F.RODRIGUEZ,B. FAYOS,,"[01,03,03,03,07]",23 de octubre de 2022,14:25,H - Blando,2200,Liso,C,0,Ligeras precipitaciones,0.1,25,17,La Zarzuela
7,EMBAT (IRE),"57,5",9,6 3/4 C,4,"5,8",LA TOLEDANA,J.L.MAROTO,J.L. MARTINEZ,,"[02,04,10,03,04]",23 de octubre de 2022,14:25,H - Blando,2200,Liso,C,0,Ligeras precipitaciones,0.1,25,17,La Zarzuela
1,TESSICO (GB),56,3,,4,"3,8",CASTILLA,A.SOTO,R. SOUSA,-8,"[04,05,06,NP,06]",16 de octubre de 2022,11:30,H - Bueno,1600,Liso,D,0,Soleado,0,10,22,La Zarzuela
2,PEKEN (FR),56,3,2 1/4 C,3,"4,2",CUADRA A.F.F S.L,F.RODRIGUEZ,B. FAYOS,-5,"[03,07,06,02,04]",16 de octubre de 2022,11:30,H - Bueno,1600,Liso,D,0,Soleado,0,10,22,La Zarzuela
3,PUELL (GB),"54,5",3,4 1/4 C,10,"17,1",LA TOLEDANA,J.L.MAROTO,J.L. MARTINEZ,(4)(8),[ Debutante ],16 de octubre de 2022,11:30,H - Bueno,1600,Liso,D,0,Soleado,0,10,22,La Zarzuela
4,CAT HACLYSME (FR),56,3,1 1/4 C,1,"14,4",ANAIAK,O.ANAYA,V. JANACEK,-8,[03],16 de octubre de 2022,11:30,H - Bueno,1600,Liso,D,0,Soleado,0,10,22,La Zarzuela
5,VINCERO (GB),56,3,4 C,5,"22,5",YEGUADA AGF,G.ARIZKORRETA,J.GELABERT,,"[08,NP,04]",16 de octubre de 2022,11:30,H - Bueno,1600,Liso,D,0,Soleado,0,10,22,La Zarzuela
6,DEMOSTHENE (FR),56,3,2 3/4 C,2,"96,3",ALEGRE,D.FARLETE,N. DE JULIAN,,"[12,05,06,09,13]",16 de octubre de 2022,11:30,H - Bueno,1600,Liso,D,0,Soleado,0,10,22,La Zarzuela
7,BELLUNEZA (FR),"53,00-52,00",3,8 C,12,"98,8",CUADRA A.F.F S.L,F.RODRIGUEZ,N. GARCIA,,[ Debutante ],16 de octubre de 2022,11:30,H - Bueno,1600,Liso,D,0,Soleado,0,10,22,La Zarzuela
8,CARISMA,"54,50-53,50",3,1 C,9,"65,6",LONEGAN,R.MARTIN A.,J.ZAMBUDIO,,"[07,08,NP]",16 de octubre de 2022,11:30,H - Bueno,1600,Liso,D,0,Soleado,0,10,22,La Zarzuela
9,AVE MUNDI,"54,50-53,50",3,1/4 C,7,"53,9",EL PLACAJE,F.JIMENEZ,V.ALONSO V.,(5)(8),"[09,07]",16 de octubre de 2022,11:30,H - Bueno,1600,Liso,D,0,Soleado,0,10,22,La Zarzuela
10,YESWECAN BARELIERE (FR),"54,5",3,1 3/4 C,11,"100,1",OLEOVID,A.CARRASCO,F.MARTINEZ,(4)(8),"[08,06]",16 de octubre de 2022,11:30,H - Bueno,1600,Liso,D,0,Soleado,0,10,22,La Zarzuela
11,PINTURERA,"53,00-54,00",3,14 1/4 C,13,"217,3",MAGICA,M&M RACING,B.ESTUPIÑAN,,[ Debutante ],16 de octubre de 2022,11:30,H - Bueno,1600,Liso,D,0,Soleado,0,10,22,La Zarzuela
12,AIFOS,"54,5",3,CUELLO,6,"115,2",NEO,A.SOTO,R.N.VALLE,(2)(4),[NP],16 de octubre de 2022,11:30,H - Bueno,1600,Liso,D,0,Soleado,0,10,22,La Zarzuela
97,BILLON (IRE),"54,50-51,00",3,,8,0,GROUP BILLON,J.LOPEZ,C.PEREZ,-8,[ Debutante ],16 de octubre de 2022,11:30,H - Bueno,1600,Liso,D,0,Soleado,0,10,22,La Zarzuela
1,RUSHDY (IRE),60,5,,3,"12,2",PEDRA BELA,D.SOUSA,N.SANTOS,-3,"[06,03,02,03,04]",16 de octubre de 2022,12:05,H - Bueno,1600,Liso,D,0,Soleado,0,10,22,La Zarzuela
2,DABESPIR (FR),60,4,2 C,4,"2,6",SOÑADOR,B.RAMA,R. SOUSA,(3)(8),"[02,03,04,04,02]",16 de octubre de 2022,12:05,H - Bueno,1600,Liso,D,0,Soleado,0,10,22,La Zarzuela
3,PIRLO,"56,5",4,2 3/4 C,9,"15,7",HACIENDA DEL MON...,C.FERNANDEZ,J.L. BORREGO,-8,"[16,02,04,15,06]",16 de octubre de 2022,12:05,H - Bueno,1600,Liso,D,0,Soleado,0,10,22,La Zarzuela
4,MACHU PICCHU,"59,5",4,1 C,6,"10,2",AMAZING TURF,J.A.RODRIGUEZ,V. JANACEK,,"[08,02,04,03,03]",16 de octubre de 2022,12:05,H - Bueno,1600,Liso,D,0,Soleado,0,10,22,La Zarzuela
5,MELODY FRANCE (FR),"52,00-51,00",5,1 1/4 C,11,"4,4",SEPTIMO ARTE,M.J.PEREZ,J.ZAMBUDIO,(4)(8),"[02,05,04,03,08]",16 de octubre de 2022,12:05,H - Bueno,1600,Liso,D,0,Soleado,0,10,22,La Zarzuela
6,LIGHTNINGSUN,"56,5",4,1 1/2 C,8,"11,4",YEGUADA VALMODOM...,D.BENITEZ,R.N.VALLE,(4)(8),"[04,07,10,03,04]",16 de octubre de 2022,12:05,H - Bueno,1600,Liso,D,0,Soleado,0,10,22,La Zarzuela
7,FAMILY TRIP (FR),"61,50-58,50",3,3/4 C,2,"6,2",BELEN,A.SOTO,C.PEREZ,-8,"[01,05,05,03,05]",16 de octubre de 2022,12:05,H - Bueno,1600,Liso,D,0,Soleado,0,10,22,La Zarzuela
8,HANNA,"55,50-52,50",5,3 1/2 C,10,"16,4",MERYDEIS,J.C.ROSELL,A.MARTINEZ,,"[07,01,01,03,07]",16 de octubre de 2022,12:05,H - Bueno,1600,Liso,D,0,Soleado,0,10,22,La Zarzuela
9,VELETA,"59,50-58,50",5,16 C,5,"21,3",POPURRI,M.J.PEREZ,V.ALONSO V.,(5)(8),"[13,02,06,05,06]",16 de octubre de 2022,12:05,H - Bueno,1600,Liso,D,0,Soleado,0,10,22,La Zarzuela
10,BALLET STAR,63,4,5 1/2 C,1,"29,8",HERDADE GOMES,O.ANAYA,R. RAMOS,,"[10,03,04,01,02]",16 de octubre de 2022,12:05,H - Bueno,1600,Liso,D,0,Soleado,0,10,22,La Zarzuela
97,KWA HERI,57,3,,7,0,CELSO MENDEZ,M.ALVAREZ,N. DE JULIAN,,"[NP,09,06,10,04]",16 de octubre de 2022,12:05,H - Bueno,1600,Liso,D,0,Soleado,0,10,22,La Zarzuela
1,RAIKU (FR),"57,5",4,,4,"10,6",YEGUADA ROCIO,G.ARIZKORRETA,J.L. MARTINEZ,,"[04,01,03]",16 de octubre de 2022,12:40,H - Bueno,1200,Liso,A,0,Soleado,0,10,22,La Zarzuela
2,SPEAK IN COLOURS (GB),"57,5",7,CUELLO,5,3,RIO CUBAS,J.HORCAJADA,"SR.SARABIA,D.A.",-8,"[01,03,01,02,06]",16 de octubre de 2022,12:40,H - Bueno,1200,Liso,A,0,Soleado,0,10,22,La Zarzuela
3,KENDAYA (IRE),56,4,NARIZ,7,"5,4",AGRADO,CH.DELCHER,B. FAYOS,-3,"[04,03,04,02,03]",16 de octubre de 2022,12:40,H - Bueno,1200,Liso,A,0,Soleado,0,10,22,La Zarzuela
4,EL BOSNIA,"57,5",5,3 C,1,"3,1",YEGUADA ROCIO,G.ARIZKORRETA,V. JANACEK,-3,"[02,03,01,04,01]",16 de octubre de 2022,12:40,H - Bueno,1200,Liso,A,0,Soleado,0,10,22,La Zarzuela
5,FINTAS (GB),"57,5",6,1 3/4 C,3,"11,7",MARQUES DE MIRAF...,CH.DELCHER,J.ZAMBUDIO,-8,"[01,06,07,02,11]",16 de octubre de 2022,12:40,H - Bueno,1200,Liso,A,0,Soleado,0,10,22,La Zarzuela
6,STOWEMAN (GB),"57,5",5,3/4 C,6,"6,2",MALLOW GRAN CANA...,O.ANAYA,R. SOUSA,(2)(3),"[03,01,02,04,03]",16 de octubre de 2022,12:40,H - Bueno,1200,Liso,A,0,Soleado,0,10,22,La Zarzuela
7,EL SOKHNA (IRE),"57,5",4,1 C,2,"14,7",BECARES,CH.DELCHER,J.BRYAN,,"[03,04,05,01,02]",16 de octubre de 2022,12:40,H - Bueno,1200,Liso,A,0,Soleado,0,10,22,La Zarzuela
1,ADAAYLIGHT DANCER (IRE),"59,00-56,50",4,,9,"11,4",MAD MEN,G.ARIZKORRETA,N.SACCU,,"[04,05,04,03,09]",16 de octubre de 2022,13:15,H - Bueno,1600,Liso,D,0,Soleado,0,10,22,La Zarzuela
2,TIHANNA (IRE) (a),"61,5",7,1 C,5,"5,7",CUADRA A.F.F S.L,F.RODRIGUEZ,R. SOUSA,,"[08,01,01,04,03]",16 de octubre de 2022,13:15,H - Bueno,1600,Liso,D,0,Soleado,0,10,22,La Zarzuela
3,SPANISH COLT (IRE),63,4,NARIZ,1,"2,6",BRAZACORTA,B.RAMA,V. JANACEK,-3,"[02,03,01,08,05]",16 de octubre de 2022,13:15,H - Bueno,1600,Liso,D,0,Soleado,0,10,22,La Zarzuela
4,VALE (GB),"59,5",8,1/2 C,8,"15,5",BOLAK,M&M RACING,J.L. MARTINEZ,(2)(5)(8),"[06,03,02,02,NP]",16 de octubre de 2022,13:15,H - Bueno,1600,Liso,D,0,Soleado,0,10,22,La Zarzuela
5,COSTA ESMERALDA (FR),"57,00-54,50",8,CABEZA,11,"11,4",JACOPO TELLINI,M&M RACING,B.ESTUPIÑAN,,"[02,03,01,01,08]",16 de octubre de 2022,13:15,H - Bueno,1600,Liso,D,0,Soleado,0,10,22,La Zarzuela
6,UNAMUNO (IRE),"61,50-60,50",6,1 C,4,"5,8",VICTORIA ALONSO,C.ALONSO,V.ALONSO V.,-8,"[05,05,04,01,07]",16 de octubre de 2022,13:15,H - Bueno,1600,Liso,D,0,Soleado,0,10,22,La Zarzuela
7,ROBLE (GB) (a),58,5,1 1/2 C,10,"20,7",OLEOVID,A.CARRASCO,R.N.VALLE,,"[04,05,03,01,03]",16 de octubre de 2022,13:15,H - Bueno,1600,Liso,D,0,Soleado,0,10,22,La Zarzuela
8,AARASH,62,4,3/4 C,2,"28,5",REZA PAZOOKI,O.ANAYA,J.BRYAN,,"[09,01,04,03,05]",16 de octubre de 2022,13:15,H - Bueno,1600,Liso,D,0,Soleado,0,10,22,La Zarzuela
9,BOSTON BRUIN (IRE),62,6,3 C,3,"17,6",ENRIQUE FERNANDE...,J.LOPEZ,D.EGAN,-8,"[12,NP,04,01,07]",16 de octubre de 2022,13:15,H - Bueno,1600,Liso,D,0,Soleado,0,10,22,La Zarzuela
10,MUGUETAJARRA,60,5,1/4 C,7,"12,8",PIGUINHA,G.VAZ,J.GELABERT,,"[06,02,05,06,05]",16 de octubre de 2022,13:15,H - Bueno,1600,Liso,D,0,Soleado,0,10,22,La Zarzuela
11,PORTOFINO (FR),"61,5",4,8 1/2 C,6,"16,3",NEW BEGINNINGS,F.JIMENEZ,B. FAYOS,(3)(8),"[05,03,04,07,08]",16 de octubre de 2022,13:15,H - Bueno,1600,Liso,D,0,Soleado,0,10,22,La Zarzuela
1,THE GAME (FR),59,4,,13,"49,5",CIELO DE MADRID,P.OLAVE,J.L. BORREGO,-5,"[03,09,01,05,05]",16 de octubre de 2022,13:50,H - Bueno,2400,Liso,A,0,Soleado,0,10,22,La Zarzuela
2,MEDIA STORM (GB),59,5,1 C,9,"5,8",BEST HORSE,G.VAZ,R. SOUSA,,"[05,03,01,02,06]",16 de octubre de 2022,13:50,H - Bueno,2400,Liso,A,0,Soleado,0,10,22,La Zarzuela
3,THE WAY OF BONNIE (IRE),59,7,3/4 C,14,"4,2",YEGUADA ROCIO,G.ARIZKORRETA,V. JANACEK,,"[01,03,02,01,01]",16 de octubre de 2022,13:50,H - Bueno,2400,Liso,A,0,Soleado,0,10,22,La Zarzuela
4,PHILAU (FR),59,4,2 3/4 C,11,"25,3",ASOC.SANTIAGO - ...,P.OLAVE,B. FAYOS,-4,"[09,02,01,01,02]",16 de octubre de 2022,13:50,H - Bueno,2400,Liso,A,0,Soleado,0,10,22,La Zarzuela
5,WHITE KING (IRE),56,3,1 C,17,"5,7",MARTUL,J.A.RODRIGUEZ,A.POUCHIN,-8,"[01,15,01,01,NP]",16 de octubre de 2022,13:50,H - Bueno,2400,Liso,A,0,Soleado,0,10,22,La Zarzuela
6,GO WITH THE WIND (FR),59,5,2 1/4 C,6,"26,8",NIJINSKY,G.ARIZKORRETA,R.N.VALLE,,"[05,02,01,08,05]",16 de octubre de 2022,13:50,H - Bueno,2400,Liso,A,0,Soleado,0,10,22,La Zarzuela
7,TARANTELA (FR),"57,5",5,2 C,15,"21,4",YEGUADA AGF,G.ARIZKORRETA,J.GELABERT,,"[04,09,10,03,02]",16 de octubre de 2022,13:50,H - Bueno,2400,Liso,A,0,Soleado,0,10,22,La Zarzuela
8,SAY GOOD BUY (GER),59,6,1 1/4 C,12,"21,3",BEST HORSE,G.VAZ,J.ZAMBUDIO,,"[01,05,05,07,02]",16 de octubre de 2022,13:50,H - Bueno,2400,Liso,A,0,Soleado,0,10,22,La Zarzuela
9,PAPER TROPHY (FR),59,4,1/2 C,10,"24,5",CHRISTOPHE PIERR...,R.AVIAL,T.HENDERSON,-3,"[07,01,01,03,04]",16 de octubre de 2022,13:50,H - Bueno,2400,Liso,A,0,Soleado,0,10,22,La Zarzuela
10,FINELY TUNED (IRE),59,5,2 1/2 C,4,"33,1",ENRIQUE FERNANDE...,J.LOPEZ,D.EGAN,(3)(8),"[04,04,12,06,06]",16 de octubre de 2022,13:50,H - Bueno,2400,Liso,A,0,Soleado,0,10,22,La Zarzuela
11,JASPEROID (GB),56,3,2 1/4 C,16,"9,4",SAN JOSE,"A.IMAZ,B.",A. CRASTUS,-8,"[03,06,04,02,04]",16 de octubre de 2022,13:50,H - Bueno,2400,Liso,A,0,Soleado,0,10,22,La Zarzuela
12,LORDOFTHEHORIZON (FR),59,5,3/4 C,8,"18,5",SANTIAGO,P.OLAVE,R. RAMOS,-5,"[06,09,04,03,04]",16 de octubre de 2022,13:50,H - Bueno,2400,Liso,A,0,Soleado,0,10,22,La Zarzuela
13,JO PICKETT (FR),59,5,2 C,7,"14,1",BIDASOA,G.ARIZKORRETA,J.L. MARTINEZ,,"[01,08,12,05,02]",16 de octubre de 2022,13:50,H - Bueno,2400,Liso,A,0,Soleado,0,10,22,La Zarzuela
14,GAHERIS (GER),59,4,1 1/2 C,5,"36,4",BERNARDO,R.AVIAL,C. CADEL,-8,"[08,02,03,03,03]",16 de octubre de 2022,13:50,H - Bueno,2400,Liso,A,0,Soleado,0,10,22,La Zarzuela
15,DAYSHANN (FR),59,4,2 1/4 C,2,"12,2",JAVIER MALDONADO...,CH.DELCHER,J.BRYAN,,"[02,04,04,06,NP]",16 de octubre de 2022,13:50,H - Bueno,2400,Liso,A,0,Soleado,0,10,22,La Zarzuela
16,EL CANEY (GB),59,4,2 1/4 C,3,"20,3",SANTA BARBARA,J.M.OSORIO,V.ALONSO V.,(5)(8),"[04,02,01,05,05]",16 de octubre de 2022,13:50,H - Bueno,2400,Liso,A,0,Soleado,0,10,22,La Zarzuela
17,CHEVALIER CATHARE (FR),59,6,9 1/2 C,1,"59,9",RIO CUBAS,D.SARABIA,"SR.SARABIA,D.A.",-8,"[07,06,05,08,Desc]",16 de octubre de 2022,13:50,H - Bueno,2400,Liso,A,0,Soleado,0,10,22,La Zarzuela
1,EL INGRATO (FR),66,6,,4,"6,1",BERNARDO,R.AVIAL,"SRTA. TENA, C.",-8,"[03,02,03,02,07]",16 de octubre de 2022,14:25,H - Bueno,2000,Liso,C,0,Soleado,0,10,22,La Zarzuela
2,BABY GROOM,"62,5",4,1 C,7,"6,5",BREEDING HORSE,G.VAZ,"SR.SARABIA,D.A.",-3,"[01,02,06,06,01]",16 de octubre de 2022,14:25,H - Bueno,2000,Liso,C,0,Soleado,0,10,22,La Zarzuela
3,COLIBRI (IRE),63,8,1 3/4 C,6,"6,2",BARRA SUR,F.JIMENEZ,"SR. GREDILLA,P.",,"[05,01,04,06,02]",16 de octubre de 2022,14:25,H - Bueno,2000,Liso,C,0,Soleado,0,10,22,La Zarzuela
4,BABA KARAM,69,5,1 3/4 C,2,"3,5",REZA PAZOOKI,O.ANAYA,"STA. BUESA,C.",-8,"[07,01,02,01,02]",16 de octubre de 2022,14:25,H - Bueno,2000,Liso,C,0,Soleado,0,10,22,La Zarzuela
5,EINAR (IRE),"61,5",6,1 C,8,"5,7",BERNIE,J.LOPEZ,"SRTA ASPERILLA, ...",-5,"[04,04,03,02,02]",16 de octubre de 2022,14:25,H - Bueno,2000,Liso,C,0,Soleado,0,10,22,La Zarzuela
6,ASTRAL,"64,5",4,1 C,5,7,ATERPE,G.ARIZKORRETA,"SR ALONSO V,C.",-5,"[07,05,03,04,01]",16 de octubre de 2022,14:25,H - Bueno,2000,Liso,C,0,Soleado,0,10,22,La Zarzuela
7,PEAKY BLINDERS,"67,5",4,9 3/4 C,3,"10,7",ANAIAK,O.ANAYA,"SR.HERNANDEZ, J....",-8,[03],16 de octubre de 2022,14:25,H - Bueno,2000,Liso,C,0,Soleado,0,10,22,La Zarzuela
8,HEADHUNTER (FR),70,5,12 1/2 C,1,"13,9",PALCO 7,J.L.MAROTO,"SR. MAROTO, R.",,"[06,02,01,05,06]",16 de octubre de 2022,14:25,H - Bueno,2000,Liso,C,0,Soleado,0,10,22,La Zarzuela
1,NAVIA (IRE),"62,5",5,,1,"1,6",YEGUADA ROCIO,G.ARIZKORRETA,V. JANACEK,,"[07,11,02,01,02]",16 de octubre de 2022,14:55,H - Bueno,2200,Liso,D,0,Soleado,0,10,22,La Zarzuela
2,KANE ORE (FR),58,3,2 3/4 C,3,"10,5","ANNUA RACING, S....",J.C.ROSELL,J.L. BORREGO,,"[08,07,05,05,05]",16 de octubre de 2022,14:55,H - Bueno,2200,Liso,D,0,Soleado,0,10,22,La Zarzuela
3,KATARA,56,3,CUELLO,5,"7,2",ALEGRE,D.FARLETE,R. SOUSA,,"[05,09,03,03,06]",16 de octubre de 2022,14:55,H - Bueno,2200,Liso,D,0,Soleado,0,10,22,La Zarzuela
4,IDOLE ROYALE (FR),"60,5",4,1 1/2 C,2,"6,9",ALEGRE,D.FARLETE,N. DE JULIAN,,"[08,01,03,04,02]",16 de octubre de 2022,14:55,H - Bueno,2200,Liso,D,0,Soleado,0,10,22,La Zarzuela
5,FIRST CROWD (GB),"57,00-53,50",3,11 1/2 C,4,"4,2",ZURRAQUIN,B.RAMA,C.PEREZ,(4)(6),"[06,02,04,07,01]",16 de octubre de 2022,14:55,H - Bueno,2200,Liso,D,0,Soleado,0,10,22,La Zarzuela